<?xml version="1.0" encoding="UTF-8"?>
<!--This is a Reload version 2.5.6 SCORM 1.2 Content Package document-->
<!--Spawned from the Reload Content Package Generator - http://www.reload.ac.uk-->
<manifest xmlns="http://www.imsproject.org/xsd/imscp_rootv1p1p2" xmlns:imsmd="http://www.imsglobal.org/xsd/imsmd_rootv1p2p1" xmlns:xsi="http://www.w3.org/2001/XMLSchema-instance" xmlns:adlcp="http://www.adlnet.org/xsd/adlcp_rootv1p2" identifier="MANIFEST-0B9AF6CAFE570892F2F29B746C47ADE7" xsi:schemaLocation="http://www.imsproject.org/xsd/imscp_rootv1p1p2 imscp_rootv1p1p2.xsd http://www.imsglobal.org/xsd/imsmd_rootv1p2p1 imsmd_rootv1p2p1.xsd http://www.adlnet.org/xsd/adlcp_rootv1p2 adlcp_rootv1p2.xsd">
  <organizations default="ORG-576E5BEC68B1FFE3AC9DBDCEBC9E574F">
    <organization identifier="ORG-576E5BEC68B1FFE3AC9DBDCEBC9E574F" structure="hierarchical">
      <title>Escuela Corporativa</title>
      <item identifier="ITEM-1AAFD7C3FCE062A6EB794A5B6F161EF7" isvisible="true">
        <title>Formación inicial para facilitadores</title>
        <item identifier="ITEM-967CBB9BA54AC2C527648E4F678F8979" isvisible="true" identifierref="RES-EA1DBCF97E6E571C982D0865F99A9EBD">
          <title>Encuentro 1</title>
        </item>
      </item>
    </organization>
  </organizations>
  <resources>
    <resource identifier="RES-EA1DBCF97E6E571C982D0865F99A9EBD" type="webcontent" href="index.html">
      <file href="index.html" />
      <file href="index_edgePreload.js" />
    </resource>
  </resources>
</manifest>

